{
    "total_runtime": 121.39185404777527,
    "num_documents": 1,
    "input_load_time": 0,
    "workflows": {
        "create_base_text_units": {
            "overall": 4.952898025512695,
            "0_orderby": 0.0021779537200927734,
            "1_zip": 0.0015878677368164062,
            "2_aggregate_override": 0.004238128662109375,
            "3_chunk": 4.919050931930542,
            "4_select": 0.0027959346771240234,
            "5_unroll": 0.005026102066040039,
            "6_rename": 0.0015869140625,
            "7_genid": 0.002177000045776367,
            "8_unzip": 0.0020329952239990234,
            "9_copy": 0.0016248226165771484,
            "10_filter": 0.009528875350952148
        },
        "create_base_extracted_entities": {
            "overall": 40.24999189376831,
            "0_entity_extract": 40.23568105697632,
            "1_merge_graphs": 0.01225900650024414
        },
        "create_summarized_entities": {
            "overall": 11.40891695022583,
            "0_summarize_descriptions": 11.406706094741821
        },
        "create_base_entity_graph": {
            "overall": 0.022027969360351562,
            "0_cluster_graph": 0.014988899230957031,
            "1_select": 0.004562854766845703
        },
        "create_final_entities": {
            "overall": 1.4733588695526123,
            "0_unpack_graph": 0.0057599544525146484,
            "1_rename": 0.003523111343383789,
            "2_select": 0.0032401084899902344,
            "3_dedupe": 0.003710031509399414,
            "4_rename": 0.003345966339111328,
            "5_filter": 0.00844430923461914,
            "6_text_split": 0.0039119720458984375,
            "7_drop": 0.0036690235137939453,
            "8_merge": 0.007050991058349609,
            "9_text_embed": 1.4086267948150635,
            "10_drop": 0.006214141845703125,
            "11_filter": 0.013092994689941406
        },
        "create_final_nodes": {
            "overall": 0.09828519821166992,
            "0_layout_graph": 0.015368938446044922,
            "1_unpack_graph": 0.007102012634277344,
            "2_unpack_graph": 0.007693767547607422,
            "3_drop": 0.0046198368072509766,
            "4_filter": 0.011174917221069336,
            "5_select": 0.004751920700073242,
            "6_rename": 0.0046846866607666016,
            "7_convert": 0.021498918533325195,
            "8_join": 0.011554718017578125,
            "9_rename": 0.0058748722076416016
        },
        "create_final_communities": {
            "overall": 0.13301992416381836,
            "0_unpack_graph": 0.008815765380859375,
            "1_unpack_graph": 0.008167028427124023,
            "2_aggregate_override": 0.008348941802978516,
            "3_join": 0.007987022399902344,
            "4_join": 0.008274078369140625,
            "5_concat": 0.00622105598449707,
            "6_filter": 0.016482114791870117,
            "7_aggregate_override": 0.008486270904541016,
            "8_join": 0.008858919143676758,
            "9_filter": 0.016968965530395508,
            "10_fill": 0.007472991943359375,
            "11_merge": 0.0079498291015625,
            "12_copy": 0.0068149566650390625,
            "13_select": 0.006738901138305664
        },
        "join_text_units_to_entity_ids": {
            "overall": 0.03000926971435547,
            "0_select": 0.0076007843017578125,
            "1_unroll": 0.0077190399169921875,
            "2_aggregate_override": 0.007894039154052734
        },
        "create_final_relationships": {
            "overall": 0.10280704498291016,
            "0_unpack_graph": 0.011056900024414062,
            "1_filter": 0.016920804977416992,
            "2_rename": 0.0074770450592041016,
            "3_filter": 0.0170440673828125,
            "4_drop": 0.008482933044433594,
            "5_compute_edge_combined_degree": 0.009276866912841797,
            "6_convert": 0.016431093215942383,
            "7_convert": 0.008208990097045898
        },
        "join_text_units_to_relationship_ids": {
            "overall": 0.044805049896240234,
            "0_select": 0.008938074111938477,
            "1_unroll": 0.008922815322875977,
            "2_aggregate_override": 0.00969386100769043,
            "3_select": 0.008651971817016602
        },
        "create_final_community_reports": {
            "overall": 60.911378145217896,
            "0_prepare_community_reports_nodes": 0.009706974029541016,
            "1_prepare_community_reports_edges": 0.009752988815307617,
            "2_restore_community_hierarchy": 0.011003971099853516,
            "3_prepare_community_reports": 0.03220200538635254,
            "4_create_community_reports": 60.824864864349365,
            "5_window": 0.014612913131713867
        },
        "create_final_text_units": {
            "overall": 0.07153582572937012,
            "0_select": 0.009802103042602539,
            "1_rename": 0.009290933609008789,
            "2_join": 0.011260986328125,
            "3_join": 0.011332988739013672,
            "4_aggregate_override": 0.011199951171875,
            "5_select": 0.009547948837280273
        },
        "create_base_documents": {
            "overall": 0.13263988494873047,
            "0_unroll": 0.010868072509765625,
            "1_select": 0.00997304916381836,
            "2_rename": 0.010056018829345703,
            "3_join": 0.011813879013061523,
            "4_aggregate_override": 0.010701656341552734,
            "5_join": 0.012584924697875977,
            "6_rename": 0.019217252731323242,
            "7_convert": 0.03773093223571777
        },
        "create_final_documents": {
            "overall": 0.021659135818481445,
            "0_rename": 0.011215686798095703
        }
    }
}